InputID,ComputedRoomID,RoomName
0,30000,N/A
1,30001,N/A
2,30002,N/A
3,30003,N/A
4,30004,N/A
5,30005,N/A
6,30006,N/A
7,30007,N/A
8,30008,N/A
9,30009,N/A
10,30010,N/A
11,30011,N/A
12,30012,N/A
13,30013,N/A
14,30014,N/A
15,30015,N/A
16,30016,N/A
17,30017,N/A
18,30018,N/A
19,30019,N/A
20,30020,N/A
21,30021,N/A
22,30022,N/A
23,30023,N/A
24,30024,N/A
25,30025,N/A
26,30026,N/A
27,30027,N/A
28,30028,N/A
29,30029,N/A
30,30030,N/A
31,30031,N/A
32,30032,N/A
33,30033,N/A
34,30034,N/A
35,30035,N/A
36,30036,N/A
37,30037,N/A
38,30038,N/A
39,30039,N/A
40,30040,N/A
41,30041,N/A
42,30042,N/A
43,30043,N/A
44,30044,N/A
45,30045,N/A
46,30046,N/A
47,30047,N/A
48,30048,N/A
49,30049,N/A
50,30050,N/A
51,30051,N/A
52,30052,N/A
53,30053,N/A
54,30054,N/A
55,30055,N/A
56,30056,N/A
57,30057,N/A
58,30058,N/A
59,30059,N/A
60,30060,N/A
61,30061,N/A
62,30062,N/A
63,30063,N/A
64,30064,N/A
65,30065,N/A
66,30066,N/A
67,30067,N/A
68,30068,N/A
69,30069,N/A
70,30070,N/A
71,30071,N/A
72,30072,N/A
73,30073,N/A
74,30074,N/A
75,30075,N/A
76,30076,N/A
77,30077,N/A
78,30078,N/A
79,30079,N/A
80,30080,N/A
81,30081,N/A
82,30082,N/A
83,30083,N/A
84,30084,N/A
85,30085,N/A
86,30086,N/A
87,30087,N/A
88,30088,N/A
89,30089,N/A
90,30090,N/A
91,30091,N/A
92,30092,N/A
93,30093,N/A
94,30094,room_dw_tv_cutscene1g
95,30095,room_dw_rhythm
96,30096,N/A
97,30097,room_dw_couch_overworld_intro
98,30098,room_dw_couch_overworld_01
99,30099,room_dw_couch_overworld_02
100,30100,room_dw_couch_overworld_03
101,30101,room_dw_couch_overworld_04
102,30102,room_dw_couch_overworld_05
103,30103,room_dw_nondescript_room
104,30104,room_dw_nondescript_field
105,30105,room_dw_nondescript_hallway
106,30106,room_dw_nondescript_classroom
107,30107,room_dw_backstage
108,30108,room_dw_snow_zone
109,30109,room_town_krisyard_dark
110,30110,N/A
111,30111,room_board_1
112,30112,N/A
113,30113,N/A
114,30114,room_board_dungeon_2
115,30115,room_board_dungeon_3
116,30116,room_board_preshadowmantle
117,30117,room_shadowmantle
118,30118,room_board_prepostshadowmantle
119,30119,room_board_postshadowmantle
120,30120,room_dw_ch3_man
121,30121,N/A
122,30122,N/A
123,30123,room_susiezilla
124,30124,room_board_intro
125,30125,N/A
126,30126,room_torhouse_sepia
127,30127,N/A
128,30128,N/A
129,30129,N/A
130,30130,room_ch3_gameshowroom
131,30131,room_shootout
132,30132,N/A
133,30133,room_board_preshadowmantle_repeat
134,30134,room_dw_green_room
135,30135,room_board_1_sword
136,30136,room_board_sword_intro
137,30137,room_board_1_sword_trees
138,30138,room_dw_changing_room
139,30139,room_dw_console_room
140,30140,room_board_2
141,30141,room_dw_tv_closet
142,30142,N/A
143,30143,room_board_3
144,30144,N/A
145,30145,N/A
146,30146,room_dw_b3bs_interstitial
147,30147,room_board_2_sword
148,30148,N/A
149,30149,room_board_empty
150,30150,room_dw_b3bs_rouxls_lanina
151,30151,N/A
152,30152,room_dw_b3bs_rouxls_boss
153,30153,room_dw_b3bs_cheaterpippins
154,30154,room_dw_b3bs_idcardpuzzle
155,30155,room_dw_b3bs_intro
156,30156,room_dw_b3bs_zapper_a
157,30157,room_dw_b3bs_rabbick_a
158,30158,room_dw_b3bs_lancerget
159,30159,room_dw_b3bs_cooltrashy
160,30160,room_dw_b3bs_zapper_c
161,30161,room_dw_b3bs_rabbick_b
162,30162,room_dw_b3bs_sadshadowguys
163,30163,room_dw_b3bs_zapper_b
164,30164,N/A
165,30165,room_dw_susiezilla
166,30166,room_dw_inbetween
167,30167,room_dw_teevie_preview
168,30168,room_dw_chef
169,30169,room_dw_puzzlecloset_1
170,30170,room_dw_puzzlecloset_2
171,30171,N/A
172,30172,N/A
173,30173,room_dw_chef_empty
174,30174,room_dw_susiezilla_empty
175,30175,room_dw_rhythm_empty
176,30176,room_board_3b
177,30177,N/A
178,30178,room_dw_b3bs_jail1
179,30179,room_dw_b3bs_shop
180,30180,room_dw_b3bs_mysterypuzzle
181,30181,room_dw_b3bs_watercooler
182,30182,room_dw_b3bs_jail2
183,30183,room_dw_b3bs_zapper_d
184,30184,room_dw_b3bs_extrapuzzle
185,30185,room_dw_b3bs_bibliox
186,30186,N/A
187,30187,room_board_3_sword
188,30188,room_dw_couch_points
189,30189,room_dw_couch_overworld_intro_left
190,30190,room_dw_couch_video
191,30191,room_dw_snow_zone_battle
192,30192,N/A
193,30193,room_dw_puzzlecloset_0
194,30194,room_board_gsa02_b0
195,30195,room_dw_tv_curtain
196,30196,room_dw_teevie_intro
197,30197,room_dw_teevie_large_01
198,30198,room_dw_teevie_large_02
199,30199,room_dw_teevie_cowboy_zone_01_intro
200,30200,room_dw_teevie_cowboy_zone_01_after
201,30201,room_dw_teevie_watercooler
202,30202,room_dw_teevie_susiezilla
203,30203,room_dw_teevie_cowboy_zone_02_intro
204,30204,room_dw_teevie_cowboy_zone_02_after
205,30205,room_dw_teevie_shadow_guys
206,30206,room_dw_teevie_stealth_c
207,30207,room_dw_teevie_stealth
208,30208,room_dw_teevie_failure_cage
209,30209,room_dw_teevie_rhythm
210,30210,room_dw_teevie_maze_points
211,30211,room_dw_teevie_maze_chef
212,30212,room_dw_teevie_maze_final
213,30213,room_dw_teevie_maze
214,30214,room_dw_teevie_chef
215,30215,room_dw_teevie_cutscene_final
216,30216,room_dw_teevie_ribbick
217,30217,room_dw_teevie_preview_south
218,30218,room_dw_b3bs_camerareminder
219,30219,room_dw_puzzlecloset_3
220,30220,room_dw_teevie_sams
221,30221,room_dw_teevie_bonus_zone
222,30222,room_dw_teevie_audiencepits
223,30223,N/A
224,30224,room_dw_teevie_lightmaze
225,30225,room_dw_teevie_maze_quiz
226,30226,room_dw_ranking_hub
227,30227,room_dw_ranking_a
228,30228,room_dw_ranking_b
229,30229,room_dw_ranking_c
230,30230,room_dw_ranking_z
231,30231,room_dw_ranking_z_hallway
232,30232,room_dw_teevie_ribbicks_a
233,30233,room_dw_teevie_ribbicks_b
234,30234,room_dw_teevie_susiebridge
235,30235,room_dw_teevie_shuttahmaze
236,30236,room_dw_teevie_stealth_d
237,30237,room_dw_teevie_dust
238,30238,room_dw_teevie_dust_south
239,30239,room_ch3_gacharoom_unknown
240,30240,room_dw_ranking_t
241,30241,room_dw_puzzlecloset_1a
242,30242,room_dw_rhythm_countdown
243,30243,room_dw_snow_zone_east_door
244,30244,room_dw_inbetweenhall
245,30245,N/A
246,30246,N/A
247,30247,N/A
248,30248,N/A
249,30249,N/A
250,30250,N/A
251,30251,N/A
252,30252,N/A
253,30253,N/A
254,30254,N/A
255,30255,N/A
256,30256,N/A
257,30257,N/A
258,30258,N/A
259,30259,N/A
260,30260,N/A
261,30261,N/A
262,30262,N/A
263,30263,N/A
264,30264,N/A
265,30265,N/A
266,30266,N/A
267,30267,N/A
268,30268,N/A
269,30269,N/A
270,30270,N/A
271,30271,N/A
272,30272,N/A
273,30273,N/A
274,30274,N/A
275,30275,N/A
276,30276,N/A
277,30277,N/A
278,30278,N/A
279,30279,N/A
280,30280,N/A
281,30281,N/A
282,30282,N/A
283,30283,N/A
284,30284,N/A
285,30285,N/A
286,30286,N/A
287,30287,N/A
288,30288,N/A
289,30289,N/A
290,30290,N/A
291,30291,N/A
292,30292,N/A
293,30293,N/A
294,30294,N/A
295,30295,N/A
296,30296,N/A
297,30297,N/A
298,30298,N/A
299,30299,N/A
300,30300,N/A
301,30301,N/A
302,30302,N/A
303,30303,N/A
304,30304,N/A
305,30305,N/A
306,30306,N/A
307,30307,N/A
308,30308,N/A
309,30309,N/A
310,30310,N/A
311,30311,N/A
312,30312,N/A
313,30313,N/A
314,30314,N/A
315,30315,N/A
316,30316,N/A
317,30317,N/A
318,30318,N/A
319,30319,N/A
320,30320,N/A
321,30321,N/A
322,30322,N/A
323,30323,N/A
324,30324,N/A
325,30325,N/A
326,30326,N/A
327,30327,N/A
328,30328,N/A
329,30329,N/A
330,30330,N/A
331,30331,N/A
332,30332,N/A
333,30333,N/A
334,30334,N/A
335,30335,N/A
336,30336,N/A
337,30337,N/A
338,30338,N/A
339,30339,N/A
340,30340,N/A
341,30341,N/A
342,30342,N/A
343,30343,N/A
344,30344,N/A
345,30345,N/A
346,30346,N/A
347,30347,N/A
348,30348,N/A
349,30349,N/A
350,30350,N/A
351,30351,N/A
352,30352,N/A
353,30353,N/A
354,30354,N/A
355,30355,N/A
356,30356,N/A
357,30357,N/A
358,30358,N/A
359,30359,N/A
360,30360,N/A
361,30361,N/A
362,30362,N/A
363,30363,N/A
364,30364,N/A
365,30365,N/A
366,30366,N/A
367,30367,N/A
368,30368,N/A
369,30369,N/A
370,30370,N/A
371,30371,N/A
372,30372,N/A
373,30373,N/A
374,30374,N/A
375,30375,N/A
376,30376,N/A
377,30377,N/A
378,30378,N/A
379,30379,N/A
380,30380,N/A
381,30381,N/A
382,30382,N/A
383,30383,N/A
384,30384,N/A
385,30385,N/A
386,30386,N/A
387,30387,N/A
388,30388,N/A
389,30389,N/A
390,30390,N/A
391,30391,N/A
392,30392,N/A
393,30393,N/A
394,30394,N/A
395,30395,N/A
396,30396,N/A
397,30397,N/A
398,30398,N/A
399,30399,N/A
400,30400,N/A
401,30401,N/A
402,30402,N/A
403,30403,N/A
404,30404,N/A
405,30405,N/A
406,30406,N/A
407,30407,N/A
408,30408,N/A
409,30409,N/A
410,30410,N/A
411,30411,N/A
412,30412,N/A
413,30413,N/A
414,30414,N/A
415,30415,N/A
416,30416,N/A
417,30417,N/A
418,30418,N/A
419,30419,N/A
420,30420,N/A
421,30421,N/A
422,30422,N/A
423,30423,N/A
424,30424,N/A
425,30425,N/A
426,30426,N/A
427,30427,N/A
428,30428,N/A
429,30429,N/A
430,30430,N/A
431,30431,N/A
432,30432,N/A
433,30433,N/A
434,30434,N/A
435,30435,N/A
436,30436,N/A
437,30437,N/A
438,30438,N/A
439,30439,N/A
440,30440,N/A
441,30441,N/A
442,30442,N/A
443,30443,N/A
444,30444,N/A
445,30445,N/A
446,30446,N/A
447,30447,N/A
448,30448,N/A
449,30449,N/A
450,30450,N/A
451,30451,N/A
452,30452,N/A
453,30453,N/A
454,30454,N/A
455,30455,N/A
456,30456,N/A
457,30457,N/A
458,30458,N/A
459,30459,N/A
460,30460,N/A
461,30461,N/A
462,30462,N/A
463,30463,N/A
464,30464,N/A
465,30465,N/A
466,30466,N/A
467,30467,N/A
468,30468,N/A
469,30469,N/A
470,30470,N/A
471,30471,N/A
472,30472,N/A
473,30473,N/A
474,30474,N/A
475,30475,N/A
476,30476,N/A
477,30477,N/A
478,30478,N/A
479,30479,N/A
480,30480,N/A
481,30481,N/A
482,30482,N/A
483,30483,N/A
484,30484,N/A
485,30485,N/A
486,30486,N/A
487,30487,N/A
488,30488,N/A
489,30489,N/A
490,30490,N/A
491,30491,N/A
492,30492,N/A
493,30493,N/A
494,30494,N/A
495,30495,N/A
496,30496,N/A
497,30497,N/A
498,30498,N/A
499,30499,N/A
500,30500,N/A
501,30501,N/A
502,30502,N/A
503,30503,N/A
504,30504,N/A
505,30505,N/A
506,30506,N/A
507,30507,N/A
508,30508,N/A
509,30509,N/A
510,30510,N/A
511,30511,N/A
512,30512,N/A
513,30513,N/A
514,30514,N/A
515,30515,N/A
516,30516,N/A
517,30517,N/A
518,30518,N/A
519,30519,N/A
520,30520,N/A
521,30521,N/A
522,30522,N/A
523,30523,N/A
524,30524,N/A
525,30525,N/A
526,30526,N/A
527,30527,N/A
528,30528,N/A
529,30529,N/A
530,30530,N/A
531,30531,N/A
532,30532,N/A
533,30533,N/A
534,30534,N/A
535,30535,N/A
536,30536,N/A
537,30537,N/A
538,30538,N/A
539,30539,N/A
540,30540,N/A
541,30541,N/A
542,30542,N/A
543,30543,N/A
544,30544,N/A
545,30545,N/A
546,30546,N/A
547,30547,N/A
548,30548,N/A
549,30549,N/A
550,30550,N/A
551,30551,N/A
552,30552,N/A
553,30553,N/A
554,30554,N/A
555,30555,N/A
556,30556,N/A
557,30557,N/A
558,30558,N/A
559,30559,N/A
560,30560,N/A
561,30561,N/A
562,30562,N/A
563,30563,N/A
564,30564,N/A
565,30565,N/A
566,30566,N/A
567,30567,N/A
568,30568,N/A
569,30569,N/A
570,30570,N/A
571,30571,N/A
572,30572,N/A
573,30573,N/A
574,30574,N/A
575,30575,N/A
576,30576,N/A
577,30577,N/A
578,30578,N/A
579,30579,N/A
580,30580,N/A
581,30581,N/A
582,30582,N/A
583,30583,N/A
584,30584,N/A
585,30585,N/A
586,30586,N/A
587,30587,N/A
588,30588,N/A
589,30589,N/A
590,30590,N/A
591,30591,N/A
592,30592,N/A
593,30593,N/A
594,30594,N/A
595,30595,N/A
596,30596,N/A
597,30597,N/A
598,30598,N/A
599,30599,N/A
600,30600,N/A
